"GEO_ID","NAME","B01003_001E","B01003_001M",
"Geography","Geographic Area Name","Estimate!!Total","Margin of Error!!Total",
"0500000US01003","Baldwin County, Alabama","253507","*****",
"0500000US01015","Calhoun County, Alabama","116429","*****",
"0500000US01043","Cullman County, Alabama","92016","*****",
"0500000US01049","DeKalb County, Alabama","72569","*****",
"0500000US01051","Elmore County, Alabama","90441","*****",
"0500000US01055","Etowah County, Alabama","103241","*****",
"0500000US01069","Houston County, Alabama","108462","*****",
"0500000US01073","Jefferson County, Alabama","662895","*****",
"0500000US01077","Lauderdale County, Alabama","96814","*****",
"0500000US01081","Lee County, Alabama","183215","*****",
"0500000US01083","Limestone County, Alabama","114654","*****",
"0500000US01089","Madison County, Alabama","412600","*****",
"0500000US01095","Marshall County, Alabama","100756","*****",
"0500000US01097","Mobile County, Alabama","411640","*****",
"0500000US01101","Montgomery County, Alabama","224980","*****",
"0500000US01103","Morgan County, Alabama","125133","*****",
"0500000US01115","St. Clair County, Alabama","95552","*****",
"0500000US01117","Shelby County, Alabama","233000","*****",
"0500000US01121","Talladega County, Alabama","81132","*****",
"0500000US01125","Tuscaloosa County, Alabama","237373","*****",
"0500000US02020","Anchorage Municipality, Alaska","286075","*****",
"0500000US02090","Fairbanks North Star Borough, Alaska","94840","*****",
"0500000US02170","Matanuska-Susitna Borough, Alaska","115239","*****",
"0500000US04001","Apache County, Arizona","65036","*****",
"0500000US04003","Cochise County, Arizona","124640","*****",
"0500000US04005","Coconino County, Arizona","144472","*****",
"0500000US04013","Maricopa County, Arizona","4585871","*****",
"0500000US04015","Mohave County, Arizona","223682","*****",
"0500000US04017","Navajo County, Arizona","109175","*****",
"0500000US04019","Pima County, Arizona","1063162","*****",
"0500000US04021","Pinal County, Arizona","484239","*****",
"0500000US04025","Yavapai County, Arizona","249081","*****",
"0500000US04027","Yuma County, Arizona","213221","*****",
"0500000US05007","Benton County, Arkansas","311013","*****",
"0500000US05031","Craighead County, Arkansas","113993","*****",
"0500000US05045","Faulkner County, Arkansas","129951","*****",
"0500000US05051","Garland County, Arkansas","99784","*****",
"0500000US05069","Jefferson County, Arkansas","63661","*****",
"0500000US05085","Lonoke County, Arkansas","75944","*****",
"0500000US05119","Pulaski County, Arkansas","400009","*****",
"0500000US05125","Saline County, Arkansas","129574","*****",
"0500000US05131","Sebastian County, Arkansas","129098","*****",
"0500000US05143","Washington County, Arkansas","261549","*****",
"0500000US05145","White County, Arkansas","78452","*****",
"0500000US06001","Alameda County, California","1622188","*****",
"0500000US06007","Butte County, California","207172","*****",
"0500000US06013","Contra Costa County, California","1155025","*****",
"0500000US06017","El Dorado County, California","192215","*****",
"0500000US06019","Fresno County, California","1017162","*****",
"0500000US06023","Humboldt County, California","133985","*****",
"0500000US06025","Imperial County, California","179057","*****",
"0500000US06029","Kern County, California","913820","*****",
"0500000US06031","Kings County, California","152682","*****",
"0500000US06033","Lake County, California","67878","*****",
"0500000US06037","Los Angeles County, California","9663345","*****",
"0500000US06039","Madera County, California","162858","*****",
"0500000US06041","Marin County, California","254407","*****",
"0500000US06045","Mendocino County, California","89108","*****",
"0500000US06047","Merced County, California","291920","*****",
"0500000US06053","Monterey County, California","430723","*****",
"0500000US06055","Napa County, California","133216","*****",
"0500000US06057","Nevada County, California","102037","*****",
"0500000US06059","Orange County, California","3135755","*****",
"0500000US06061","Placer County, California","423561","*****",
"0500000US06065","Riverside County, California","2492442","*****",
"0500000US06067","Sacramento County, California","1584288","*****",
"0500000US06069","San Benito County, California","68175","*****",
"0500000US06071","San Bernardino County, California","2195611","*****",
"0500000US06073","San Diego County, California","3269973","*****",
"0500000US06075","San Francisco County, California","808988","*****",
"0500000US06077","San Joaquin County, California","800965","*****",
"0500000US06079","San Luis Obispo County, California","281639","*****",
"0500000US06081","San Mateo County, California","726353","*****",
"0500000US06083","Santa Barbara County, California","441257","*****",
"0500000US06085","Santa Clara County, California","1877592","*****",
"0500000US06087","Santa Cruz County, California","261547","*****",
"0500000US06089","Shasta County, California","180366","*****",
"0500000US06095","Solano County, California","449218","*****",
"0500000US06097","Sonoma County, California","481812","*****",
"0500000US06099","Stanislaus County, California","551430","*****",
"0500000US06101","Sutter County, California","97948","*****",
"0500000US06103","Tehama County, California","64896","*****",
"0500000US06107","Tulare County, California","479468","*****",
"0500000US06111","Ventura County, California","829590","*****",
"0500000US06113","Yolo County, California","220544","*****",
"0500000US06115","Yuba County, California","85722","*****",
"0500000US08001","Adams County, Colorado","533365","*****",
"0500000US08005","Arapahoe County, Colorado","656061","*****",
"0500000US08013","Boulder County, Colorado","326831","*****",
"0500000US08014","Broomfield County, Colorado","76860","*****",
"0500000US08031","Denver County, Colorado","716577","*****",
"0500000US08035","Douglas County, Colorado","383906","*****",
"0500000US08041","El Paso County, Colorado","744215","*****",
"0500000US08059","Jefferson County, Colorado","576366","*****",
"0500000US08069","Larimer County, Colorado","370771","*****",
"0500000US08077","Mesa County, Colorado","159681","*****",
"0500000US08101","Pueblo County, Colorado","169422","*****",
"0500000US08123","Weld County, Colorado","359442","*****",
"0500000US09110","Capitol Planning Region, Connecticut","975328","*****",
"0500000US09120","Greater Bridgeport Planning Region, Connecticut","327651","*****",
"0500000US09130","Lower Connecticut River Valley Planning Region, Connecticut","176215","*****",
"0500000US09140","Naugatuck Valley Planning Region, Connecticut","456128","*****",
"0500000US09150","Northeastern Connecticut Planning Region, Connecticut","96692","*****",
"0500000US09160","Northwest Hills Planning Region, Connecticut","113463","*****",
"0500000US09170","South Central Connecticut Planning Region, Connecticut","568158","*****",
"0500000US09180","Southeastern Connecticut Planning Region, Connecticut","279634","*****",
"0500000US09190","Western Connecticut Planning Region, Connecticut","623907","*****",
"0500000US10001","Kent County, Delaware","189789","*****",
"0500000US10003","New Castle County, Delaware","578592","*****",
"0500000US10005","Sussex County, Delaware","263509","*****",
"0500000US11001","District of Columbia, District of Columbia","678972","*****",
"0500000US12001","Alachua County, Florida","285994","*****",
"0500000US12005","Bay County, Florida","190769","*****",
"0500000US12009","Brevard County, Florida","643979","*****",
"0500000US12011","Broward County, Florida","1962531","*****",
"0500000US12015","Charlotte County, Florida","206134","*****",
"0500000US12017","Citrus County, Florida","166696","*****",
"0500000US12019","Clay County, Florida","232439","*****",
"0500000US12021","Collier County, Florida","404310","*****",
"0500000US12023","Columbia County, Florida","73063","*****",
"0500000US12031","Duval County, Florida","1030822","*****",
"0500000US12033","Escambia County, Florida","326928","*****",
"0500000US12035","Flagler County, Florida","131439","*****",
"0500000US12053","Hernando County, Florida","212807","*****",
"0500000US12055","Highlands County, Florida","107614","*****",
"0500000US12057","Hillsborough County, Florida","1535564","*****",
"0500000US12061","Indian River County, Florida","169795","*****",
"0500000US12069","Lake County, Florida","424462","*****",
"0500000US12071","Lee County, Florida","834573","*****",
"0500000US12073","Leon County, Florida","296913","*****",
"0500000US12081","Manatee County, Florida","441095","*****",
"0500000US12083","Marion County, Florida","409959","*****",
"0500000US12085","Martin County, Florida","163315","*****",
"0500000US12086","Miami-Dade County, Florida","2686867","*****",
"0500000US12087","Monroe County, Florida","80614","*****",
"0500000US12089","Nassau County, Florida","101501","*****",
"0500000US12091","Okaloosa County, Florida","218464","*****",
"0500000US12095","Orange County, Florida","1471416","*****",
"0500000US12097","Osceola County, Florida","437784","*****",
"0500000US12099","Palm Beach County, Florida","1533801","*****",
"0500000US12101","Pasco County, Florida","632996","*****",
"0500000US12103","Pinellas County, Florida","961596","*****",
"0500000US12105","Polk County, Florida","818330","*****",
"0500000US12107","Putnam County, Florida","75955","*****",
"0500000US12109","St. Johns County, Florida","320110","*****",
"0500000US12111","St. Lucie County, Florida","373586","*****",
"0500000US12113","Santa Rosa County, Florida","203162","*****",
"0500000US12115","Sarasota County, Florida","469013","*****",
"0500000US12117","Seminole County, Florida","484271","*****",
"0500000US12119","Sumter County, Florida","151565","*****",
"0500000US12127","Volusia County, Florida","590357","*****",
"0500000US12131","Walton County, Florida","86354","*****",
"0500000US13013","Barrow County, Georgia","92792","*****",
"0500000US13015","Bartow County, Georgia","115041","*****",
"0500000US13021","Bibb County, Georgia","156512","*****",
"0500000US13031","Bulloch County, Georgia","84327","*****",
"0500000US13045","Carroll County, Georgia","127098","*****",
"0500000US13047","Catoosa County, Georgia","68910","*****",
"0500000US13051","Chatham County, Georgia","303655","*****",
"0500000US13057","Cherokee County, Georgia","286602","*****",
"0500000US13059","Clarke County, Georgia","129933","*****",
"0500000US13063","Clayton County, Georgia","298300","*****",
"0500000US13067","Cobb County, Georgia","776743","*****",
"0500000US13073","Columbia County, Georgia","165162","*****",
"0500000US13077","Coweta County, Georgia","155892","*****",
"0500000US13089","DeKalb County, Georgia","762992","*****",
"0500000US13095","Dougherty County, Georgia","82645","*****",
"0500000US13097","Douglas County, Georgia","149160","*****",
"0500000US13103","Effingham County, Georgia","71541","*****",
"0500000US13113","Fayette County, Georgia","123351","*****",
"0500000US13115","Floyd County, Georgia","100113","*****",
"0500000US13117","Forsyth County, Georgia","272887","*****",
"0500000US13121","Fulton County, Georgia","1079105","*****",
"0500000US13127","Glynn County, Georgia","86172","*****",
"0500000US13135","Gwinnett County, Georgia","983526","*****",
"0500000US13139","Hall County, Georgia","217267","*****",
"0500000US13151","Henry County, Georgia","254613","*****",
"0500000US13153","Houston County, Georgia","171974","*****",
"0500000US13157","Jackson County, Georgia","88615","*****",
"0500000US13179","Liberty County, Georgia","69210","*****",
"0500000US13185","Lowndes County, Georgia","120712","*****",
"0500000US13215","Muscogee County, Georgia","201877","*****",
"0500000US13217","Newton County, Georgia","120135","*****",
"0500000US13223","Paulding County, Georgia","183164","*****",
"0500000US13245","Richmond County, Georgia","205414","*****",
"0500000US13247","Rockdale County, Georgia","95987","*****",
"0500000US13255","Spalding County, Georgia","69946","*****",
"0500000US13285","Troup County, Georgia","70742","*****",
"0500000US13295","Walker County, Georgia","69489","*****",
"0500000US13297","Walton County, Georgia","106702","*****",
"0500000US13313","Whitfield County, Georgia","103687","*****",
"0500000US15001","Hawaii County, Hawaii","207615","*****",
"0500000US15003","Honolulu County, Hawaii","989408","*****",
"0500000US15007","Kauai County, Hawaii","73851","*****",
"0500000US15009","Maui County, Hawaii","164244","3",
"0500000US16001","Ada County, Idaho","524673","*****",
"0500000US16005","Bannock County, Idaho","90400","*****",
"0500000US16019","Bonneville County, Idaho","131366","*****",
"0500000US16027","Canyon County, Idaho","257674","*****",
"0500000US16055","Kootenai County, Idaho","185010","*****",
"0500000US16083","Twin Falls County, Idaho","95156","*****",
"0500000US17019","Champaign County, Illinois","205644","*****",
"0500000US17031","Cook County, Illinois","5087072","*****",
"0500000US17037","DeKalb County, Illinois","100288","*****",
"0500000US17043","DuPage County, Illinois","921213","*****",
"0500000US17089","Kane County, Illinois","514982","*****",
"0500000US17091","Kankakee County, Illinois","105940","*****",
"0500000US17093","Kendall County, Illinois","139976","*****",
"0500000US17097","Lake County, Illinois","708760","*****",
"0500000US17099","LaSalle County, Illinois","108309","*****",
"0500000US17111","McHenry County, Illinois","312800","*****",
"0500000US17113","McLean County, Illinois","170441","*****",
"0500000US17115","Macon County, Illinois","100591","*****",
"0500000US17119","Madison County, Illinois","262752","*****",
"0500000US17143","Peoria County, Illinois","177513","*****",
"0500000US17161","Rock Island County, Illinois","141236","*****",
"0500000US17163","St. Clair County, Illinois","251018","*****",
"0500000US17167","Sangamon County, Illinois","193491","*****",
"0500000US17179","Tazewell County, Illinois","129541","*****",
"0500000US17183","Vermilion County, Illinois","71652","*****",
"0500000US17197","Will County, Illinois","700728","*****",
"0500000US17199","Williamson County, Illinois","66706","*****",
"0500000US17201","Winnebago County, Illinois","280922","*****",
"0500000US18003","Allen County, Indiana","394545","*****",
"0500000US18005","Bartholomew County, Indiana","84003","*****",
"0500000US18011","Boone County, Indiana","76120","*****",
"0500000US18019","Clark County, Indiana","125467","*****",
"0500000US18035","Delaware County, Indiana","112321","*****",
"0500000US18039","Elkhart County, Indiana","206409","*****",
"0500000US18043","Floyd County, Indiana","80809","*****",
"0500000US18053","Grant County, Indiana","66200","*****",
"0500000US18057","Hamilton County, Indiana","371645","*****",
"0500000US18059","Hancock County, Indiana","86166","*****",
"0500000US18063","Hendricks County, Indiana","186387","*****",
"0500000US18067","Howard County, Indiana","83831","*****",
"0500000US18081","Johnson County, Indiana","167819","*****",
"0500000US18085","Kosciusko County, Indiana","80364","*****",
"0500000US18089","Lake County, Indiana","500598","*****",
"0500000US18091","LaPorte County, Indiana","111706","*****",
"0500000US18095","Madison County, Indiana","132504","*****",
"0500000US18097","Marion County, Indiana","968460","*****",
"0500000US18105","Monroe County, Indiana","139342","*****",
"0500000US18109","Morgan County, Indiana","73227","*****",
"0500000US18127","Porter County, Indiana","175335","*****",
"0500000US18141","St. Joseph County, Indiana","272848","*****",
"0500000US18157","Tippecanoe County, Indiana","188792","*****",
"0500000US18163","Vanderburgh County, Indiana","179810","*****",
"0500000US18167","Vigo County, Indiana","106153","*****",
"0500000US18173","Warrick County, Indiana","65867","*****",
"0500000US18177","Wayne County, Indiana","66127","*****",
"0500000US19013","Black Hawk County, Iowa","130471","*****",
"0500000US19049","Dallas County, Iowa","111092","*****",
"0500000US19061","Dubuque County, Iowa","98887","*****",
"0500000US19103","Johnson County, Iowa","157528","*****",
"0500000US19113","Linn County, Iowa","228972","*****",
"0500000US19153","Polk County, Iowa","505255","*****",
"0500000US19155","Pottawattamie County, Iowa","93179","*****",
"0500000US19163","Scott County, Iowa","174270","*****",
"0500000US19169","Story County, Iowa","98566","*****",
"0500000US19193","Woodbury County, Iowa","105951","*****",
"0500000US20015","Butler County, Kansas","68632","*****",
"0500000US20045","Douglas County, Kansas","120553","*****",
"0500000US20091","Johnson County, Kansas","622237","*****",
"0500000US20103","Leavenworth County, Kansas","83518","*****",
"0500000US20161","Riley County, Kansas","71402","*****",
"0500000US20173","Sedgwick County, Kansas","528469","*****",
"0500000US20177","Shawnee County, Kansas","177746","*****",
"0500000US20209","Wyandotte County, Kansas","165281","*****",
"0500000US21015","Boone County, Kentucky","140496","*****",
"0500000US21029","Bullitt County, Kentucky","84863","*****",
"0500000US21037","Campbell County, Kentucky","93702","*****",
"0500000US21047","Christian County, Kentucky","72032","*****",
"0500000US21059","Daviess County, Kentucky","103458","*****",
"0500000US21067","Fayette County, Kentucky","320154","*****",
"0500000US21093","Hardin County, Kentucky","112273","*****",
"0500000US21111","Jefferson County, Kentucky","772144","*****",
"0500000US21117","Kenton County, Kentucky","171321","*****",
"0500000US21145","McCracken County, Kentucky","67428","*****",
"0500000US21151","Madison County, Kentucky","96735","*****",
"0500000US21185","Oldham County, Kentucky","70183","*****",
"0500000US21199","Pulaski County, Kentucky","66191","*****",
"0500000US21227","Warren County, Kentucky","142229","*****",
"0500000US22005","Ascension Parish, Louisiana","131632","*****",
"0500000US22015","Bossier Parish, Louisiana","129795","*****",
"0500000US22017","Caddo Parish, Louisiana","226386","*****",
"0500000US22019","Calcasieu Parish, Louisiana","203761","*****",
"0500000US22033","East Baton Rouge Parish, Louisiana","448467","*****",
"0500000US22045","Iberia Parish, Louisiana","67659","*****",
"0500000US22051","Jefferson Parish, Louisiana","421777","*****",
"0500000US22055","Lafayette Parish, Louisiana","249750","*****",
"0500000US22057","Lafourche Parish, Louisiana","95056","*****",
"0500000US22063","Livingston Parish, Louisiana","150145","*****",
"0500000US22071","Orleans Parish, Louisiana","364136","*****",
"0500000US22073","Ouachita Parish, Louisiana","157568","*****",
"0500000US22079","Rapides Parish, Louisiana","126260","*****",
"0500000US22097","St. Landry Parish, Louisiana","81464","*****",
"0500000US22103","St. Tammany Parish, Louisiana","275583","*****",
"0500000US22105","Tangipahoa Parish, Louisiana","138064","*****",
"0500000US22109","Terrebonne Parish, Louisiana","103616","*****",
"0500000US23001","Androscoggin County, Maine","113765","*****",
"0500000US23003","Aroostook County, Maine","67351","*****",
"0500000US23005","Cumberland County, Maine","310230","*****",
"0500000US23011","Kennebec County, Maine","127259","*****",
"0500000US23019","Penobscot County, Maine","155312","*****",
"0500000US23031","York County, Maine","218586","*****",
"0500000US24001","Allegany County, Maryland","67273","*****",
"0500000US24003","Anne Arundel County, Maryland","594582","*****",
"0500000US24005","Baltimore County, Maryland","844703","*****",
"0500000US24009","Calvert County, Maryland","94728","*****",
"0500000US24013","Carroll County, Maryland","176639","*****",
"0500000US24015","Cecil County, Maryland","105672","*****",
"0500000US24017","Charles County, Maryland","171973","*****",
"0500000US24021","Frederick County, Maryland","293391","*****",
"0500000US24025","Harford County, Maryland","264644","*****",
"0500000US24027","Howard County, Maryland","336001","*****",
"0500000US24031","Montgomery County, Maryland","1058474","*****",
"0500000US24033","Prince George's County, Maryland","947430","*****",
"0500000US24037","St. Mary's County, Maryland","115281","*****",
"0500000US24043","Washington County, Maryland","155813","*****",
"0500000US24045","Wicomico County, Maryland","104800","*****",
"0500000US24510","Baltimore city, Maryland","565239","*****",
"0500000US25001","Barnstable County, Massachusetts","231735","*****",
"0500000US25003","Berkshire County, Massachusetts","126818","*****",
"0500000US25005","Bristol County, Massachusetts","581841","*****",
"0500000US25009","Essex County, Massachusetts","810089","*****",
"0500000US25011","Franklin County, Massachusetts","70836","*****",
"0500000US25013","Hampden County, Massachusetts","460291","*****",
"0500000US25015","Hampshire County, Massachusetts","162502","*****",
"0500000US25017","Middlesex County, Massachusetts","1623952","*****",
"0500000US25021","Norfolk County, Massachusetts","727473","*****",
"0500000US25023","Plymouth County, Massachusetts","535308","*****",
"0500000US25025","Suffolk County, Massachusetts","768425","*****",
"0500000US25027","Worcester County, Massachusetts","866866","*****",
"0500000US26005","Allegan County, Michigan","121939","*****",
"0500000US26017","Bay County, Michigan","102500","*****",
"0500000US26021","Berrien County, Michigan","152261","*****",
"0500000US26025","Calhoun County, Michigan","133366","*****",
"0500000US26037","Clinton County, Michigan","79720","*****",
"0500000US26045","Eaton County, Michigan","108820","*****",
"0500000US26049","Genesee County, Michigan","401522","*****",
"0500000US26055","Grand Traverse County, Michigan","96421","*****",
"0500000US26065","Ingham County, Michigan","284637","*****",
"0500000US26067","Ionia County, Michigan","66262","*****",
"0500000US26075","Jackson County, Michigan","159424","*****",
"0500000US26077","Kalamazoo County, Michigan","262215","*****",
"0500000US26081","Kent County, Michigan","661354","*****",
"0500000US26087","Lapeer County, Michigan","88977","*****",
"0500000US26091","Lenawee County, Michigan","97520","*****",
"0500000US26093","Livingston County, Michigan","196757","*****",
"0500000US26099","Macomb County, Michigan","875101","*****",
"0500000US26103","Marquette County, Michigan","66999","*****",
"0500000US26111","Midland County, Michigan","84039","*****",
"0500000US26115","Monroe County, Michigan","155045","*****",
"0500000US26117","Montcalm County, Michigan","68154","*****",
"0500000US26121","Muskegon County, Michigan","176564","*****",
"0500000US26125","Oakland County, Michigan","1270426","*****",
"0500000US26139","Ottawa County, Michigan","303372","*****",
"0500000US26145","Saginaw County, Michigan","187782","*****",
"0500000US26147","St. Clair County, Michigan","159874","*****",
"0500000US26155","Shiawassee County, Michigan","68025","*****",
"0500000US26159","Van Buren County, Michigan","75798","*****",
"0500000US26161","Washtenaw County, Michigan","365536","*****",
"0500000US26163","Wayne County, Michigan","1751169","*****",
"0500000US27003","Anoka County, Minnesota","372441","*****",
"0500000US27013","Blue Earth County, Minnesota","70006","*****",
"0500000US27019","Carver County, Minnesota","111057","*****",
"0500000US27027","Clay County, Minnesota","66258","*****",
"0500000US27035","Crow Wing County, Minnesota","68304","*****",
"0500000US27037","Dakota County, Minnesota","447440","*****",
"0500000US27053","Hennepin County, Minnesota","1258713","*****",
"0500000US27109","Olmsted County, Minnesota","164784","*****",
"0500000US27123","Ramsey County, Minnesota","536075","*****",
"0500000US27131","Rice County, Minnesota","67948","*****",
"0500000US27137","St. Louis County, Minnesota","200514","*****",
"0500000US27139","Scott County, Minnesota","155814","*****",
"0500000US27141","Sherburne County, Minnesota","102206","*****",
"0500000US27145","Stearns County, Minnesota","160977","*****",
"0500000US27163","Washington County, Minnesota","278936","*****",
"0500000US27171","Wright County, Minnesota","151150","*****",
"0500000US28033","DeSoto County, Mississippi","193247","*****",
"0500000US28035","Forrest County, Mississippi","78208","*****",
"0500000US28047","Harrison County, Mississippi","210612","*****",
"0500000US28049","Hinds County, Mississippi","214870","*****",
"0500000US28059","Jackson County, Mississippi","146389","*****",
"0500000US28067","Jones County, Mississippi","66250","*****",
"0500000US28073","Lamar County, Mississippi","66217","*****",
"0500000US28075","Lauderdale County, Mississippi","70527","*****",
"0500000US28081","Lee County, Mississippi","82799","*****",
"0500000US28089","Madison County, Mississippi","112511","*****",
"0500000US28121","Rankin County, Mississippi","160417","*****",
"0500000US29019","Boone County, Missouri","189463","*****",
"0500000US29021","Buchanan County, Missouri","82956","*****",
"0500000US29031","Cape Girardeau County, Missouri","82984","*****",
"0500000US29037","Cass County, Missouri","111732","*****",
"0500000US29043","Christian County, Missouri","94422","*****",
"0500000US29047","Clay County, Missouri","259772","*****",
"0500000US29051","Cole County, Missouri","77278","*****",
"0500000US29071","Franklin County, Missouri","106404","*****",
"0500000US29077","Greene County, Missouri","304611","*****",
"0500000US29095","Jackson County, Missouri","718560","*****",
"0500000US29097","Jasper County, Missouri","125056","*****",
"0500000US29099","Jefferson County, Missouri","231230","*****",
"0500000US29165","Platte County, Missouri","111940","*****",
"0500000US29183","St. Charles County, Missouri","416659","*****",
"0500000US29187","St. Francois County, Missouri","67058","*****",
"0500000US29189","St. Louis County, Missouri","987059","*****",
"0500000US29510","St. Louis city, Missouri","281754","*****",
"0500000US30013","Cascade County, Montana","84900","*****",
"0500000US30029","Flathead County, Montana","113679","*****",
"0500000US30031","Gallatin County, Montana","126409","*****",
"0500000US30049","Lewis and Clark County, Montana","75011","*****",
"0500000US30063","Missoula County, Montana","121849","*****",
"0500000US30111","Yellowstone County, Montana","170843","*****",
"0500000US31055","Douglas County, Nebraska","589540","*****",
"0500000US31109","Lancaster County, Nebraska","326716","*****",
"0500000US31153","Sarpy County, Nebraska","199886","*****",
"0500000US32003","Clark County, Nevada","2336573","*****",
"0500000US32031","Washoe County, Nevada","498022","*****",
"0500000US33001","Belknap County, New Hampshire","65027","*****",
"0500000US33005","Cheshire County, New Hampshire","77703","*****",
"0500000US33009","Grafton County, New Hampshire","93146","*****",
"0500000US33011","Hillsborough County, New Hampshire","427354","*****",
"0500000US33013","Merrimack County, New Hampshire","157103","*****",
"0500000US33015","Rockingham County, New Hampshire","320689","*****",
"0500000US33017","Strafford County, New Hampshire","133243","*****",
"0500000US34001","Atlantic County, New Jersey","275213","*****",
"0500000US34003","Bergen County, New Jersey","957736","*****",
"0500000US34005","Burlington County, New Jersey","469167","*****",
"0500000US34007","Camden County, New Jersey","527196","*****",
"0500000US34009","Cape May County, New Jersey","94610","*****",
"0500000US34011","Cumberland County, New Jersey","152326","*****",
"0500000US34013","Essex County, New Jersey","851117","*****",
"0500000US34015","Gloucester County, New Jersey","308423","*****",
"0500000US34017","Hudson County, New Jersey","705472","*****",
"0500000US34019","Hunterdon County, New Jersey","130183","*****",
"0500000US34021","Mercer County, New Jersey","381671","*****",
"0500000US34023","Middlesex County, New Jersey","863623","*****",
"0500000US34025","Monmouth County, New Jersey","642799","*****",
"0500000US34027","Morris County, New Jersey","514423","*****",
"0500000US34029","Ocean County, New Jersey","659197","*****",
"0500000US34031","Passaic County, New Jersey","513395","*****",
"0500000US34033","Salem County, New Jersey","65338","*****",
"0500000US34035","Somerset County, New Jersey","348842","*****",
"0500000US34037","Sussex County, New Jersey","146132","*****",
"0500000US34039","Union County, New Jersey","572726","*****",
"0500000US34041","Warren County, New Jersey","111252","*****",
"0500000US35001","Bernalillo County, New Mexico","671586","*****",
"0500000US35013","Doña Ana County, New Mexico","225210","*****",
"0500000US35025","Lea County, New Mexico","72101","*****",
"0500000US35031","McKinley County, New Mexico","68797","*****",
"0500000US35035","Otero County, New Mexico","68835","*****",
"0500000US35043","Sandoval County, New Mexico","155936","*****",
"0500000US35045","San Juan County, New Mexico","120675","*****",
"0500000US35049","Santa Fe County, New Mexico","155956","*****",
"0500000US35061","Valencia County, New Mexico","79141","*****",
"0500000US36001","Albany County, New York","316659","*****",
"0500000US36005","Bronx County, New York","1356476","*****",
"0500000US36007","Broome County, New York","196077","*****",
"0500000US36009","Cattaraugus County, New York","75600","*****",
"0500000US36011","Cayuga County, New York","74485","*****",
"0500000US36013","Chautauqua County, New York","124891","*****",
"0500000US36015","Chemung County, New York","81325","*****",
"0500000US36019","Clinton County, New York","78115","*****",
"0500000US36027","Dutchess County, New York","297150","*****",
"0500000US36029","Erie County, New York","946147","*****",
"0500000US36045","Jefferson County, New York","114787","*****",
"0500000US36047","Kings County, New York","2561225","*****",
"0500000US36053","Madison County, New York","66921","*****",
"0500000US36055","Monroe County, New York","748482","*****",
"0500000US36059","Nassau County, New York","1381715","*****",
"0500000US36061","New York County, New York","1597451","*****",
"0500000US36063","Niagara County, New York","209457","*****",
"0500000US36065","Oneida County, New York","227555","*****",
"0500000US36067","Onondaga County, New York","467873","*****",
"0500000US36069","Ontario County, New York","112494","*****",
"0500000US36071","Orange County, New York","407470","*****",
"0500000US36075","Oswego County, New York","118162","*****",
"0500000US36079","Putnam County, New York","98060","*****",
"0500000US36081","Queens County, New York","2252196","*****",
"0500000US36083","Rensselaer County, New York","159305","*****",
"0500000US36085","Richmond County, New York","490687","*****",
"0500000US36087","Rockland County, New York","340807","*****",
"0500000US36089","St. Lawrence County, New York","106940","*****",
"0500000US36091","Saratoga County, New York","238711","*****",
"0500000US36093","Schenectady County, New York","159902","*****",
"0500000US36101","Steuben County, New York","92162","*****",
"0500000US36103","Suffolk County, New York","1523170","*****",
"0500000US36105","Sullivan County, New York","79920","*****",
"0500000US36109","Tompkins County, New York","103558","*****",
"0500000US36111","Ulster County, New York","182333","*****",
"0500000US36113","Warren County, New York","65380","*****",
"0500000US36117","Wayne County, New York","90829","*****",
"0500000US36119","Westchester County, New York","990817","*****",
"0500000US37001","Alamance County, North Carolina","179165","*****",
"0500000US37019","Brunswick County, North Carolina","159964","*****",
"0500000US37021","Buncombe County, North Carolina","275901","*****",
"0500000US37023","Burke County, North Carolina","88338","*****",
"0500000US37025","Cabarrus County, North Carolina","240016","*****",
"0500000US37027","Caldwell County, North Carolina","80574","*****",
"0500000US37031","Carteret County, North Carolina","69615","*****",
"0500000US37035","Catawba County, North Carolina","164645","*****",
"0500000US37037","Chatham County, North Carolina","81624","*****",
"0500000US37045","Cleveland County, North Carolina","101378","*****",
"0500000US37049","Craven County, North Carolina","102391","*****",
"0500000US37051","Cumberland County, North Carolina","337890","*****",
"0500000US37057","Davidson County, North Carolina","174804","*****",
"0500000US37063","Durham County, North Carolina","336892","*****",
"0500000US37067","Forsyth County, North Carolina","392921","*****",
"0500000US37069","Franklin County, North Carolina","77001","*****",
"0500000US37071","Gaston County, North Carolina","237242","*****",
"0500000US37081","Guilford County, North Carolina","549866","*****",
"0500000US37085","Harnett County, North Carolina","141477","*****",
"0500000US37089","Henderson County, North Carolina","119230","*****",
"0500000US37097","Iredell County, North Carolina","199710","*****",
"0500000US37101","Johnston County, North Carolina","241955","*****",
"0500000US37105","Lee County, North Carolina","67059","*****",
"0500000US37109","Lincoln County, North Carolina","95675","*****",
"0500000US37119","Mecklenburg County, North Carolina","1163701","*****",
"0500000US37125","Moore County, North Carolina","106898","*****",
"0500000US37127","Nash County, North Carolina","96551","*****",
"0500000US37129","New Hanover County, North Carolina","238852","*****",
"0500000US37133","Onslow County, North Carolina","213676","*****",
"0500000US37135","Orange County, North Carolina","150626","*****",
"0500000US37141","Pender County, North Carolina","68521","*****",
"0500000US37147","Pitt County, North Carolina","175119","*****",
"0500000US37151","Randolph County, North Carolina","147458","*****",
"0500000US37155","Robeson County, North Carolina","117365","*****",
"0500000US37157","Rockingham County, North Carolina","92518","*****",
"0500000US37159","Rowan County, North Carolina","151661","*****",
"0500000US37161","Rutherford County, North Carolina","65507","*****",
"0500000US37167","Stanly County, North Carolina","65699","*****",
"0500000US37171","Surry County, North Carolina","71462","*****",
"0500000US37179","Union County, North Carolina","256452","*****",
"0500000US37183","Wake County, North Carolina","1190275","*****",
"0500000US37191","Wayne County, North Carolina","118686","*****",
"0500000US37193","Wilkes County, North Carolina","66013","*****",
"0500000US37195","Wilson County, North Carolina","78970","*****",
"0500000US38015","Burleigh County, North Dakota","100012","*****",
"0500000US38017","Cass County, North Dakota","196362","*****",
"0500000US38035","Grand Forks County, North Dakota","72708","*****",
"0500000US38101","Ward County, North Dakota","68332","*****",
"0500000US39003","Allen County, Ohio","100838","*****",
"0500000US39007","Ashtabula County, Ohio","96845","*****",
"0500000US39013","Belmont County, Ohio","64918","*****",
"0500000US39017","Butler County, Ohio","393043","*****",
"0500000US39023","Clark County, Ohio","134610","*****",
"0500000US39025","Clermont County, Ohio","211972","*****",
"0500000US39029","Columbiana County, Ohio","100182","*****",
"0500000US39035","Cuyahoga County, Ohio","1233088","*****",
"0500000US39041","Delaware County, Ohio","231636","*****",
"0500000US39043","Erie County, Ohio","74035","*****",
"0500000US39045","Fairfield County, Ohio","165360","*****",
"0500000US39049","Franklin County, Ohio","1326063","*****",
"0500000US39055","Geauga County, Ohio","95407","*****",
"0500000US39057","Greene County, Ohio","169691","*****",
"0500000US39061","Hamilton County, Ohio","827058","*****",
"0500000US39063","Hancock County, Ohio","74704","*****",
"0500000US39085","Lake County, Ohio","231640","*****",
"0500000US39089","Licking County, Ohio","183201","*****",
"0500000US39093","Lorain County, Ohio","317910","*****",
"0500000US39095","Lucas County, Ohio","425484","*****",
"0500000US39099","Mahoning County, Ohio","225596","*****",
"0500000US39101","Marion County, Ohio","64851","*****",
"0500000US39103","Medina County, Ohio","184042","*****",
"0500000US39109","Miami County, Ohio","110876","*****",
"0500000US39113","Montgomery County, Ohio","533796","*****",
"0500000US39119","Muskingum County, Ohio","86305","*****",
"0500000US39133","Portage County, Ohio","162665","*****",
"0500000US39139","Richland County, Ohio","125064","*****",
"0500000US39141","Ross County, Ohio","76501","*****",
"0500000US39145","Scioto County, Ohio","71969","*****",
"0500000US39151","Stark County, Ohio","372716","*****",
"0500000US39153","Summit County, Ohio","535733","*****",
"0500000US39155","Trumbull County, Ohio","200373","*****",
"0500000US39157","Tuscarawas County, Ohio","91874","*****",
"0500000US39159","Union County, Ohio","69637","*****",
"0500000US39165","Warren County, Ohio","252148","*****",
"0500000US39169","Wayne County, Ohio","116510","*****",
"0500000US39173","Wood County, Ohio","132650","*****",
"0500000US40017","Canadian County, Oklahoma","175829","*****",
"0500000US40027","Cleveland County, Oklahoma","301193","*****",
"0500000US40031","Comanche County, Oklahoma","121574","*****",
"0500000US40037","Creek County, Oklahoma","73332","*****",
"0500000US40101","Muskogee County, Oklahoma","66677","*****",
"0500000US40109","Oklahoma County, Oklahoma","808866","*****",
"0500000US40119","Payne County, Oklahoma","83352","*****",
"0500000US40125","Pottawatomie County, Oklahoma","73791","*****",
"0500000US40131","Rogers County, Oklahoma","100248","*****",
"0500000US40143","Tulsa County, Oklahoma","682868","*****",
"0500000US40145","Wagoner County, Oklahoma","89280","*****",
"0500000US41003","Benton County, Oregon","97713","*****",
"0500000US41005","Clackamas County, Oregon","423173","*****",
"0500000US41017","Deschutes County, Oregon","208513","*****",
"0500000US41019","Douglas County, Oregon","112435","*****",
"0500000US41029","Jackson County, Oregon","220768","*****",
"0500000US41033","Josephine County, Oregon","87821","*****",
"0500000US41035","Klamath County, Oregon","70003","*****",
"0500000US41039","Lane County, Oregon","381181","*****",
"0500000US41043","Linn County, Oregon","131496","*****",
"0500000US41047","Marion County, Oregon","346741","*****",
"0500000US41051","Multnomah County, Oregon","789698","*****",
"0500000US41053","Polk County, Oregon","89805","*****",
"0500000US41059","Umatilla County, Oregon","80053","*****",
"0500000US41067","Washington County, Oregon","598865","*****",
"0500000US41071","Yamhill County, Oregon","108644","*****",
"0500000US42001","Adams County, Pennsylvania","106748","*****",
"0500000US42003","Allegheny County, Pennsylvania","1224825","*****",
"0500000US42005","Armstrong County, Pennsylvania","64074","*****",
"0500000US42007","Beaver County, Pennsylvania","165631","*****",
"0500000US42011","Berks County, Pennsylvania","432821","*****",
"0500000US42013","Blair County, Pennsylvania","120273","*****",
"0500000US42017","Bucks County, Pennsylvania","645984","*****",
"0500000US42019","Butler County, Pennsylvania","198413","*****",
"0500000US42021","Cambria County, Pennsylvania","130668","*****",
"0500000US42025","Carbon County, Pennsylvania","65458","*****",
"0500000US42027","Centre County, Pennsylvania","157795","*****",
"0500000US42029","Chester County, Pennsylvania","549784","*****",
"0500000US42033","Clearfield County, Pennsylvania","77090","*****",
"0500000US42037","Columbia County, Pennsylvania","65439","*****",
"0500000US42039","Crawford County, Pennsylvania","82001","*****",
"0500000US42041","Cumberland County, Pennsylvania","270738","*****",
"0500000US42043","Dauphin County, Pennsylvania","289234","*****",
"0500000US42045","Delaware County, Pennsylvania","576720","*****",
"0500000US42049","Erie County, Pennsylvania","267571","*****",
"0500000US42051","Fayette County, Pennsylvania","123915","*****",
"0500000US42055","Franklin County, Pennsylvania","157854","*****",
"0500000US42063","Indiana County, Pennsylvania","83094","*****",
"0500000US42069","Lackawanna County, Pennsylvania","216123","*****",
"0500000US42071","Lancaster County, Pennsylvania","558589","*****",
"0500000US42073","Lawrence County, Pennsylvania","84472","*****",
"0500000US42075","Lebanon County, Pennsylvania","144252","*****",
"0500000US42077","Lehigh County, Pennsylvania","377754","*****",
"0500000US42079","Luzerne County, Pennsylvania","327388","*****",
"0500000US42081","Lycoming County, Pennsylvania","112724","*****",
"0500000US42085","Mercer County, Pennsylvania","108503","*****",
"0500000US42089","Monroe County, Pennsylvania","166053","*****",
"0500000US42091","Montgomery County, Pennsylvania","868742","*****",
"0500000US42095","Northampton County, Pennsylvania","319091","*****",
"0500000US42097","Northumberland County, Pennsylvania","90120","*****",
"0500000US42101","Philadelphia County, Pennsylvania","1550542","*****",
"0500000US42107","Schuylkill County, Pennsylvania","143786","*****",
"0500000US42111","Somerset County, Pennsylvania","72197","*****",
"0500000US42125","Washington County, Pennsylvania","210232","*****",
"0500000US42129","Westmoreland County, Pennsylvania","351163","*****",
"0500000US42133","York County, Pennsylvania","464640","*****",
"0500000US44003","Kent County, Rhode Island","171278","*****",
"0500000US44005","Newport County, Rhode Island","83832","*****",
"0500000US44007","Providence County, Rhode Island","660615","*****",
"0500000US44009","Washington County, Rhode Island","129982","*****",
"0500000US45003","Aiken County, South Carolina","177130","*****",
"0500000US45007","Anderson County, South Carolina","213076","*****",
"0500000US45013","Beaufort County, South Carolina","198979","*****",
"0500000US45015","Berkeley County, South Carolina","255217","*****",
"0500000US45019","Charleston County, South Carolina","424367","*****",
"0500000US45035","Dorchester County, South Carolina","169833","*****",
"0500000US45041","Florence County, South Carolina","137214","*****",
"0500000US45043","Georgetown County, South Carolina","65731","*****",
"0500000US45045","Greenville County, South Carolina","558036","*****",
"0500000US45047","Greenwood County, South Carolina","69460","*****",
"0500000US45051","Horry County, South Carolina","397478","*****",
"0500000US45055","Kershaw County, South Carolina","69905","*****",
"0500000US45057","Lancaster County, South Carolina","108215","*****",
"0500000US45059","Laurens County, South Carolina","68873","*****",
"0500000US45063","Lexington County, South Carolina","309528","*****",
"0500000US45073","Oconee County, South Carolina","81221","*****",
"0500000US45075","Orangeburg County, South Carolina","82820","*****",
"0500000US45077","Pickens County, South Carolina","135495","*****",
"0500000US45079","Richland County, South Carolina","425138","*****",
"0500000US45083","Spartanburg County, South Carolina","356698","*****",
"0500000US45085","Sumter County, South Carolina","104165","*****",
"0500000US45091","York County, South Carolina","298320","*****",
"0500000US46083","Lincoln County, South Dakota","73238","*****",
"0500000US46099","Minnehaha County, South Dakota","206930","*****",
"0500000US46103","Pennington County, South Dakota","115903","*****",
"0500000US47001","Anderson County, Tennessee","80234","*****",
"0500000US47009","Blount County, Tennessee","141456","*****",
"0500000US47011","Bradley County, Tennessee","111579","*****",
"0500000US47037","Davidson County, Tennessee","712334","*****",
"0500000US47059","Greene County, Tennessee","72577","*****",
"0500000US47063","Hamblen County, Tennessee","66216","*****",
"0500000US47065","Hamilton County, Tennessee","379864","*****",
"0500000US47093","Knox County, Tennessee","500669","*****",
"0500000US47113","Madison County, Tennessee","99193","*****",
"0500000US47119","Maury County, Tennessee","110760","*****",
"0500000US47125","Montgomery County, Tennessee","239872","*****",
"0500000US47141","Putnam County, Tennessee","83844","*****",
"0500000US47147","Robertson County, Tennessee","76776","*****",
"0500000US47149","Rutherford County, Tennessee","367101","*****",
"0500000US47155","Sevier County, Tennessee","99415","*****",
"0500000US47157","Shelby County, Tennessee","910042","*****",
"0500000US47163","Sullivan County, Tennessee","162135","*****",
"0500000US47165","Sumner County, Tennessee","207994","*****",
"0500000US47179","Washington County, Tennessee","138420","*****",
"0500000US47187","Williamson County, Tennessee","264460","*****",
"0500000US47189","Wilson County, Tennessee","163674","*****",
"0500000US48005","Angelina County, Texas","87319","*****",
"0500000US48021","Bastrop County, Texas","110778","*****",
"0500000US48027","Bell County, Texas","393193","*****",
"0500000US48029","Bexar County, Texas","2087679","*****",
"0500000US48037","Bowie County, Texas","91687","*****",
"0500000US48039","Brazoria County, Texas","398938","*****",
"0500000US48041","Brazos County, Texas","244703","*****",
"0500000US48061","Cameron County, Texas","426710","*****",
"0500000US48085","Collin County, Texas","1195359","*****",
"0500000US48091","Comal County, Texas","193928","*****",
"0500000US48099","Coryell County, Texas","84878","*****",
"0500000US48113","Dallas County, Texas","2606358","*****",
"0500000US48121","Denton County, Texas","1007703","*****",
"0500000US48135","Ector County, Texas","164494","*****",
"0500000US48139","Ellis County, Texas","222829","*****",
"0500000US48141","El Paso County, Texas","869880","*****",
"0500000US48157","Fort Bend County, Texas","916778","*****",
"0500000US48167","Galveston County, Texas","361744","*****",
"0500000US48181","Grayson County, Texas","146907","*****",
"0500000US48183","Gregg County, Texas","126243","*****",
"0500000US48187","Guadalupe County, Texas","188454","*****",
"0500000US48201","Harris County, Texas","4835125","*****",
"0500000US48203","Harrison County, Texas","70895","*****",
"0500000US48209","Hays County, Texas","280486","*****",
"0500000US48213","Henderson County, Texas","86158","*****",
"0500000US48215","Hidalgo County, Texas","898471","*****",
"0500000US48221","Hood County, Texas","67774","*****",
"0500000US48231","Hunt County, Texas","113347","*****",
"0500000US48245","Jefferson County, Texas","251496","*****",
"0500000US48251","Johnson County, Texas","202906","*****",
"0500000US48257","Kaufman County, Texas","185690","*****",
"0500000US48291","Liberty County, Texas","108272","*****",
"0500000US48303","Lubbock County, Texas","320940","*****",
"0500000US48309","McLennan County, Texas","268583","*****",
"0500000US48329","Midland County, Texas","177108","*****",
"0500000US48339","Montgomery County, Texas","711354","*****",
"0500000US48347","Nacogdoches County, Texas","65375","*****",
"0500000US48355","Nueces County, Texas","352289","*****",
"0500000US48361","Orange County, Texas","85722","*****",
"0500000US48367","Parker County, Texas","173494","*****",
"0500000US48375","Potter County, Texas","114647","*****",
"0500000US48381","Randall County, Texas","148255","*****",
"0500000US48397","Rockwall County, Texas","131307","*****",
"0500000US48409","San Patricio County, Texas","70660","*****",
"0500000US48423","Smith County, Texas","245209","*****",
"0500000US48427","Starr County, Texas","65934","*****",
"0500000US48439","Tarrant County, Texas","2182947","*****",
"0500000US48441","Taylor County, Texas","146836","*****",
"0500000US48451","Tom Green County, Texas","119057","*****",
"0500000US48453","Travis County, Texas","1334961","*****",
"0500000US48469","Victoria County, Texas","91664","*****",
"0500000US48471","Walker County, Texas","81268","*****",
"0500000US48479","Webb County, Texas","269148","*****",
"0500000US48485","Wichita County, Texas","130180","*****",
"0500000US48491","Williamson County, Texas","697191","*****",
"0500000US48497","Wise County, Texas","78097","*****",
"0500000US49005","Cache County, Utah","142393","*****",
"0500000US49011","Davis County, Utah","373207","*****",
"0500000US49035","Salt Lake County, Utah","1185813","*****",
"0500000US49045","Tooele County, Utah","82051","*****",
"0500000US49049","Utah County, Utah","719174","*****",
"0500000US49053","Washington County, Utah","202452","*****",
"0500000US49057","Weber County, Utah","271926","*****",
"0500000US50007","Chittenden County, Vermont","169481","*****",
"0500000US51003","Albemarle County, Virginia","115676","*****",
"0500000US51013","Arlington County, Virginia","234162","*****",
"0500000US51015","Augusta County, Virginia","78247","*****",
"0500000US51019","Bedford County, Virginia","81525","*****",
"0500000US51041","Chesterfield County, Virginia","383876","*****",
"0500000US51059","Fairfax County, Virginia","1141878","*****",
"0500000US51061","Fauquier County, Virginia","75165","*****",
"0500000US51069","Frederick County, Virginia","95994","*****",
"0500000US51085","Hanover County, Virginia","114148","*****",
"0500000US51087","Henrico County, Virginia","334760","*****",
"0500000US51095","James City County, Virginia","82654","*****",
"0500000US51107","Loudoun County, Virginia","436347","*****",
"0500000US51121","Montgomery County, Virginia","98666","*****",
"0500000US51153","Prince William County, Virginia","489640","*****",
"0500000US51161","Roanoke County, Virginia","97026","*****",
"0500000US51165","Rockingham County, Virginia","86568","*****",
"0500000US51177","Spotsylvania County, Virginia","149588","*****",
"0500000US51179","Stafford County, Virginia","165428","*****",
"0500000US51199","York County, Virginia","70952","*****",
"0500000US51510","Alexandria city, Virginia","155230","*****",
"0500000US51550","Chesapeake city, Virginia","253886","*****",
"0500000US51650","Hampton city, Virginia","137098","*****",
"0500000US51680","Lynchburg city, Virginia","79535","*****",
"0500000US51700","Newport News city, Virginia","183118","*****",
"0500000US51710","Norfolk city, Virginia","230930","*****",
"0500000US51740","Portsmouth city, Virginia","96793","*****",
"0500000US51760","Richmond city, Virginia","229247","*****",
"0500000US51770","Roanoke city, Virginia","97171","*****",
"0500000US51800","Suffolk city, Virginia","100659","*****",
"0500000US51810","Virginia Beach city, Virginia","453649","*****",
"0500000US53005","Benton County, Washington","215219","*****",
"0500000US53007","Chelan County, Washington","79997","*****",
"0500000US53009","Clallam County, Washington","77616","*****",
"0500000US53011","Clark County, Washington","521150","*****",
"0500000US53015","Cowlitz County, Washington","112864","*****",
"0500000US53021","Franklin County, Washington","99034","*****",
"0500000US53025","Grant County, Washington","102678","*****",
"0500000US53027","Grays Harbor County, Washington","77290","*****",
"0500000US53029","Island County, Washington","86267","*****",
"0500000US53033","King County, Washington","2271380","*****",
"0500000US53035","Kitsap County, Washington","277658","*****",
"0500000US53041","Lewis County, Washington","86154","*****",
"0500000US53045","Mason County, Washington","68389","*****",
"0500000US53053","Pierce County, Washington","928696","*****",
"0500000US53057","Skagit County, Washington","131417","*****",
"0500000US53061","Snohomish County, Washington","844761","*****",
"0500000US53063","Spokane County, Washington","551455","*****",
"0500000US53067","Thurston County, Washington","299003","*****",
"0500000US53073","Whatcom County, Washington","231919","*****",
"0500000US53077","Yakima County, Washington","256643","*****",
"0500000US54003","Berkeley County, West Virginia","132440","*****",
"0500000US54011","Cabell County, West Virginia","92082","*****",
"0500000US54033","Harrison County, West Virginia","64639","*****",
"0500000US54039","Kanawha County, West Virginia","174805","*****",
"0500000US54061","Monongalia County, West Virginia","107718","*****",
"0500000US54081","Raleigh County, West Virginia","72356","*****",
"0500000US54107","Wood County, West Virginia","83052","*****",
"0500000US55009","Brown County, Wisconsin","271417","*****",
"0500000US55017","Chippewa County, Wisconsin","66970","*****",
"0500000US55025","Dane County, Wisconsin","575347","*****",
"0500000US55027","Dodge County, Wisconsin","88231","*****",
"0500000US55035","Eau Claire County, Wisconsin","107903","*****",
"0500000US55039","Fond du Lac County, Wisconsin","103948","*****",
"0500000US55055","Jefferson County, Wisconsin","85743","*****",
"0500000US55059","Kenosha County, Wisconsin","167488","*****",
"0500000US55063","La Crosse County, Wisconsin","120486","*****",
"0500000US55071","Manitowoc County, Wisconsin","81331","*****",
"0500000US55073","Marathon County, Wisconsin","138612","*****",
"0500000US55079","Milwaukee County, Wisconsin","916205","*****",
"0500000US55087","Outagamie County, Wisconsin","193234","*****",
"0500000US55089","Ozaukee County, Wisconsin","93460","*****",
"0500000US55097","Portage County, Wisconsin","71024","*****",
"0500000US55101","Racine County, Wisconsin","196613","*****",
"0500000US55105","Rock County, Wisconsin","164278","*****",
"0500000US55109","St. Croix County, Wisconsin","96763","*****",
"0500000US55111","Sauk County, Wisconsin","65920","*****",
"0500000US55117","Sheboygan County, Wisconsin","117752","*****",
"0500000US55127","Walworth County, Wisconsin","105822","*****",
"0500000US55131","Washington County, Wisconsin","138168","*****",
"0500000US55133","Waukesha County, Wisconsin","412591","*****",
"0500000US55139","Winnebago County, Wisconsin","171735","*****",
"0500000US55141","Wood County, Wisconsin","73939","*****",
"0500000US56021","Laramie County, Wyoming","100984","*****",
"0500000US56025","Natrona County, Wyoming","79941","*****",
"0500000US72013","Arecibo Municipio, Puerto Rico","85641","*****",
"0500000US72021","Bayamón Municipio, Puerto Rico","180835","*****",
"0500000US72025","Caguas Municipio, Puerto Rico","124608","*****",
"0500000US72031","Carolina Municipio, Puerto Rico","150843","*****",
"0500000US72061","Guaynabo Municipio, Puerto Rico","89039","*****",
"0500000US72097","Mayagüez Municipio, Puerto Rico","69798","*****",
"0500000US72113","Ponce Municipio, Puerto Rico","130251","*****",
"0500000US72127","San Juan Municipio, Puerto Rico","333005","*****",
"0500000US72135","Toa Alta Municipio, Puerto Rico","65957","*****",
"0500000US72137","Toa Baja Municipio, Puerto Rico","71888","*****",
"0500000US72139","Trujillo Alto Municipio, Puerto Rico","66705","*****",
