State,Population_Density,College_Educated_Share,11,21,22,23,31-33,42,44-45,48-49,51,52,53,54,55,56,61,62,71,72,81,99
Alabama,72.80444487,0.285865189,0.00159800656,0.00130262371,0.00378766058,0.0293251986,0.0786682436,0.021819241,0.0684374159,0.0209519029,0.00826925044,0.0206788574,0.00748802891,0.0322605106,0.00627387311,0.03197806,0.00669798999,0.0778629212,0.00568751609,0.0533479075,0.0231300943,3.06E-05
Alaska,0.745665661,0.328481225,0.00128497803,0.0162414096,0.00389255287,0.032241267,0.0206230065,0.0156018904,0.0668564765,0.0398778776,0.0138001493,0.0137843098,0.00933341517,0.0384107455,0.009093843,0.0344092962,0.00542700275,0.0959001479,0.00803853746,0.0537869233,0.0196429385,1.98E-05
Arizona,63.71242214,0.260057004,0.000356993613,0.00201790545,0.0024153027,0.0373604628,0.0324598624,0.0184354385,0.06559843,0.0240301089,0.00984407043,0.0324462048,0.0113566459,0.0344773885,0.0126937596,0.0347924609,0.0138870895,0.0779020005,0.0106341227,0.0606276448,0.0184968976,3.13E-05
Arkansas,33.71684311,0.296515018,0.00224802559,0.00120352727,0.00378978967,0.025699271,0.0774028987,0.0225523234,0.0687648879,0.0299478904,0.0085054065,0.0190484015,0.00647022027,0.0181365074,0.0166211681,0.023305669,0.00740998048,0.0910135669,0.00516627894,0.0525852535,0.0193078445,3.12E-05
California,235.6696173,0.329414753,0.00111309352,0.000477197419,0.00218717153,0.02913364,0.0387420024,0.0264636641,0.0561073427,0.0236527784,0.0256758778,0.0209018677,0.0108491491,0.0457070555,0.0122510041,0.0307075438,0.0145124353,0.0737870098,0.0111321367,0.0567289876,0.0198074309,5.21E-05
Colorado,48.73957193,0.466789919,0.00034221757,0.00348634149,0.0019763484,0.0371859651,0.0283621199,0.0214651357,0.0605366525,0.0206806775,0.0185699164,0.0246562307,0.0114085105,0.0474088762,0.0121529176,0.0338734583,0.011887657,0.0691923246,0.0120652663,0.0611338557,0.0233999651,3.75E-05
Connecticut,652.5664802,0.413187235,0.000108580314,0.000174878574,0.00255146825,0.0202862529,0.0513645772,0.0217996122,0.0604829558,0.0188922981,0.0118041346,0.034799145,0.00680571938,0.0362350436,0.0108316474,0.0264256071,0.0266522389,0.0975430068,0.00871483867,0.0452952421,0.0192055236,2.47E-05
Delaware,414.5801527,0.339129465,0.000164453,0.000327696787,0.00321046115,0.0282351291,0.0359946504,0.0239327484,0.0667304325,0.0226243797,0.00910658489,0.0386113879,0.00787318739,0.0440721949,0.00911021253,0.0313730374,0.00833147921,0.08802105,0.011783783,0.0515632709,0.0186823445,0.000251516353
District of Columbia,9984.882353,0.659441853,1.42E-05,0,0.00190384267,0.0102151399,0.000961402624,0.0032207936,0.0207042891,0.0021285492,0.025473377,0.0200993829,0.0105185411,0.107963429,0.00928028489,0.0300111216,0.0517640411,0.066204043,0.0080401324,0.0585412659,0.0729433427,1.23E-05
Florida,333.7836157,0.337227758,0.0005065798,0.000210612905,0.00187785225,0.0336394645,0.0227747525,0.0222087343,0.0730657232,0.0226727661,0.010629086,0.0251636328,0.0124420202,0.0372184011,0.0106627376,0.0361175023,0.0115540551,0.0789534079,0.0149547411,0.0637443455,0.0215055309,4.61E-05
Georgia,145.0903324,0.322503856,0.000934359847,0.000402134296,0.00271968131,0.0259228676,0.0503444422,0.0261371062,0.0628792716,0.0328441719,0.0152073183,0.0224452362,0.00951189311,0.0384967743,0.0159356795,0.0327537822,0.010783841,0.0693668551,0.00705289371,0.0554268654,0.0201244431,4.44E-05
Hawaii,131.276802,0.33277264,0.000251811227,0.000139776571,0.00372061758,0.0328293552,0.011070091,0.0168649502,0.0694230749,0.0297521367,0.00792245068,0.0209952945,0.0137151759,0.0255908494,0.0075906147,0.0332870968,0.0174357935,0.076225179,0.0104469649,0.0983418871,0.0243072524,5.87E-05
Idaho,15.36788761,0.314563551,0.00255258656,0.00156537781,0.00287892425,0.0444050223,0.0505428531,0.0240886387,0.070272872,0.0182264813,0.0129968827,0.0174925941,0.00864720363,0.0311674842,0.00789096447,0.027145633,0.0135862277,0.0824561456,0.0082649862,0.0579480363,0.0172996227,1.19E-05
Illinois,185.6472528,0.337939849,0.000109558343,0.000420602211,0.00240330651,0.0206354365,0.0503911808,0.0294376291,0.0537756096,0.0306964186,0.0105813371,0.03155054,0.00772725743,0.0409070299,0.0205743403,0.0304588222,0.0155034484,0.0787005098,0.00745826435,0.0464749886,0.0219010145,2.02E-05
Indiana,140.1113399,0.319986731,0.000268990298,0.00088043082,0.00260773669,0.0269568908,0.0956642319,0.0220283646,0.0599246174,0.027395111,0.00668285808,0.0188853681,0.00647644476,0.0239778641,0.0103504129,0.0254963986,0.011492216,0.0817166406,0.00627438461,0.0502618257,0.022344333,1.16E-05
Iowa,30.28399055,0.358029656,0.000824856782,0.000397832468,0.00250937601,0.0262221372,0.0829025977,0.0249841035,0.0678669256,0.0250177864,0.0115472464,0.0355290966,0.00568267939,0.0228583383,0.00880882672,0.0233882826,0.0112631873,0.0798498042,0.00627998948,0.0446844829,0.018531957,2.06E-05
Kansas,22.33693089,0.381594493,0.00022762192,0.00193820921,0.00280334365,0.030127387,0.0714655814,0.026335685,0.0616149433,0.0277946902,0.0103542302,0.0266043816,0.00667248843,0.0294064416,0.00928757334,0.02616069,0.00830520505,0.0821368564,0.00669773221,0.0496690711,0.0213622316,1.50E-05
Kentucky,57.24631261,0.323685213,0.000369406157,0.00198821099,0.00211739549,0.0241744188,0.078254742,0.0216245628,0.0662584231,0.0392462515,0.00762926755,0.0197221672,0.00573363878,0.0220739403,0.0131417548,0.0291793954,0.00804634894,0.0809448554,0.00584898209,0.0530643794,0.0194315021,1.54E-05
Louisiana,64.361354,0.269275917,0.00105186681,0.00757024408,0.00355020721,0.0449039936,0.0364342091,0.0216137317,0.0695344768,0.0219857716,0.00567243313,0.0180296742,0.00901797138,0.0284232842,0.0070991607,0.0265715473,0.015328232,0.0920154658,0.00742544001,0.0610465135,0.0222296191,3.26E-05
Maine,28.05265687,0.34114881,0.00303456243,8.76E-05,0.00229421392,0.0285000481,0.0537662463,0.0170058727,0.0809588909,0.0161528834,0.00889573505,0.0281592375,0.00758255512,0.0245325888,0.0128092808,0.0200481371,0.0178453837,0.103175123,0.00734283239,0.0492095889,0.0184249543,2.12E-05
Maryland,475.3057392,0.385796014,0.000265561432,0.000156853348,0.00199857307,0.0355869746,0.0228053875,0.0187191399,0.0637077299,0.020719238,0.0104083089,0.0213246483,0.0099292526,0.0623714265,0.0114792687,0.0355987386,0.0177512241,0.0848657216,0.00889467407,0.0496519272,0.0236391066,5.64E-05
Massachusetts,660.0469964,0.447557264,0.000193072943,0.000107684045,0.00196834301,0.0240220355,0.0352982234,0.0217844824,0.0550444439,0.0160925464,0.0191971836,0.0270030635,0.00828484644,0.053685805,0.0177155421,0.025565709,0.0333624889,0.0903203722,0.00849884952,0.0436400969,0.0181305049,7.07E-05
Michigan,89.14509792,0.307737856,0.000563698083,0.000563564884,0.00308648676,0.0229268744,0.07928949,0.0242777785,0.0616844476,0.0186667714,0.00787965206,0.0226672696,0.00731182481,0.0399980553,0.0155447206,0.0279697878,0.00872919515,0.0815468131,0.00630044495,0.0496472558,0.0211228274,2.48E-05
Minnesota,48.45660026,0.399276437,0.00051469351,0.000818674847,0.00240615409,0.0270136051,0.06089696,0.0243759912,0.0570438015,0.0182600085,0.0107118683,0.0282698837,0.00783841669,0.0352599316,0.0297597158,0.021449814,0.0135082301,0.0881703864,0.0083493033,0.0433126771,0.0216683303,2.49E-05
Mississippi,28.94877354,0.311585825,0.00237351396,0.00116575485,0.00471375182,0.0230821642,0.0805341852,0.0218754961,0.0748685185,0.0274609729,0.00568748715,0.018160573,0.00573549203,0.0162845642,0.00357581798,0.0226086615,0.00723891756,0.0884740831,0.00446936334,0.0707924678,0.0200365819,2.89E-05
Missouri,60.95425137,0.351083528,0.000228970019,0.000601197203,0.00303274613,0.0287526385,0.0558350836,0.025874417,0.0613967614,0.020722994,0.0101354444,0.0276184522,0.00789463677,0.0331541747,0.0175379365,0.0263436244,0.015451251,0.0832865367,0.00827551572,0.051013635,0.0222304135,6.70E-05
Montana,4.710901795,0.394068824,0.0020345997,0.00531860476,0.00334410951,0.0417342309,0.0278769572,0.0192410981,0.0789542337,0.0169226008,0.00943895689,0.0205736267,0.00881233599,0.0277043168,0.00389911659,0.0229049122,0.00802586282,0.0935890288,0.0161450794,0.06971733,0.0223000312,1.15E-05
Nebraska,14.43013394,0.426568652,0.000601802134,0.000384838222,0.000395747023,0.031839757,0.0598584038,0.0243241998,0.0656552189,0.0199861337,0.0135826681,0.0378783838,0.00766221992,0.0249708493,0.0123275501,0.0251241785,0.0114396949,0.0847577398,0.00829856658,0.0470417759,0.0220375941,1.88E-05
Nevada,25.63573961,0.320072035,0.000116386493,0.00530907662,0.00173371576,0.0392278864,0.024642927,0.0172835956,0.0637725494,0.026000501,0.00799683944,0.0166718618,0.0123152213,0.0269130677,0.0101175705,0.0369219035,0.00635695778,0.0574639182,0.0132414806,0.117912808,0.015717412,6.20E-05
New Hampshire,136.2996042,0.406344928,0.000512513131,0.00014392492,0.00241425278,0.0282742261,0.0592874137,0.0196009945,0.0823118906,0.0150612164,0.0117562087,0.022745403,0.00720502193,0.0317714262,0.00770086083,0.0234193928,0.0204706871,0.0850429537,0.0109909494,0.0520516761,0.0191841388,2.02E-05
New Jersey,1065.096985,0.416498433,0.000153900352,0.000171695515,0.00265870852,0.0234815513,0.0306129627,0.0361222339,0.0637716069,0.0305961407,0.0111682719,0.0260661596,0.00903841336,0.0453683501,0.0165358769,0.0310935711,0.0152327983,0.0852217291,0.00824597252,0.0435380899,0.0208485623,4.62E-05
New Mexico,13.30896455,0.266641193,0.000297096621,0.0100524364,0.00351230669,0.0346401848,0.0237028649,0.0153673428,0.0745856663,0.0160640383,0.00694373262,0.0183375082,0.00760439223,0.0459602868,0.00473512755,0.0260331915,0.00679398311,0.102355792,0.00932050559,0.0720751598,0.0209793458,4.56E-05
New York,339.7542663,0.36006686,0.000172311368,0.000143864327,0.00248585778,0.0227934104,0.0257945731,0.0193736877,0.0545402448,0.0173743119,0.0203982824,0.0322345695,0.0111023034,0.040695371,0.0117984413,0.0279395677,0.0255077217,0.107934964,0.00979198509,0.0461192316,0.02366493,5.39E-05
North Carolina,170.0392612,0.31836348,0.00057076329,0.000267309984,0.00229773639,0.0294809028,0.0586292369,0.0242082448,0.0655110258,0.0215962623,0.0107103455,0.0257587682,0.00804992096,0.0326228619,0.012868403,0.029975991,0.0131170139,0.0794162904,0.00819913766,0.0559719498,0.020545847,2.18E-05
North Dakota,6.187077428,0.393759218,0.00035819422,0.0187826213,0.00503127427,0.0342150731,0.0415219341,0.0331826309,0.069605565,0.0239598822,0.00923328377,0.0249245986,0.00796003877,0.0232344637,0.00800067425,0.0180903131,0.0062563587,0.0941764844,0.00843110932,0.0499801338,0.0213622216,4.67E-05
Ohio,220.2068219,0.294810037,0.000105750115,0.000840935046,0.00228692539,0.0222799239,0.0724193041,0.0233119902,0.058456595,0.0243169329,0.00891804862,0.0240391541,0.00705148521,0.0274999902,0.0196600229,0.0282483675,0.0116006399,0.0903109148,0.00793790759,0.0500134721,0.0205453899,1.14E-05
Oklahoma,36.86762329,0.290158934,0.000362728475,0.00962517805,0.00353035522,0.0276820893,0.0472080888,0.0211893253,0.0707566637,0.0217557573,0.00845520833,0.0211669861,0.00731136415,0.0270440961,0.0168983005,0.0293374639,0.0082090982,0.0839890591,0.00989362741,0.061831953,0.0231544201,2.50E-05
Oregon,38.08647171,0.333855429,0.00433607908,0.000425730815,0.00245293284,0.0349874717,0.0537092065,0.0229168231,0.0660976974,0.0217983985,0.0111710662,0.018207425,0.0100060534,0.0322648174,0.0164530095,0.0276924256,0.0105458028,0.0831885368,0.00832366576,0.0542940117,0.0210088502,3.13E-05
Pennsylvania,261.0522647,0.30369531,0.000257422848,0.0016598449,0.00255843792,0.0235248128,0.0514491327,0.0217608604,0.0604885856,0.0254754978,0.00968962002,0.0255719855,0.00629676117,0.0313908986,0.0169135258,0.0257958075,0.0236560948,0.101118798,0.00918202696,0.0416601791,0.0214776402,1.93E-05
Rhode Island,676.8330097,0.445918138,0.000177482258,0.000142681815,0.00165186101,0.0242686687,0.0469875577,0.0211134286,0.0593405548,0.0149096697,0.00745193479,0.0351113266,0.00632208042,0.0270167437,0.0115815873,0.0254263634,0.0327912971,0.0973739586,0.0095678017,0.0585993054,0.0201123358,3.48E-05
South Carolina,146.9987196,0.315482053,0.0010040421,0.000273428339,0.00250969139,0.0260689503,0.0700194518,0.0209267869,0.072791535,0.0223684247,0.00856043153,0.0188980093,0.00782016086,0.0273833929,0.00897209155,0.0382427194,0.00910452909,0.0698216232,0.00819678011,0.0639709189,0.0227395257,4.11E-05
South Dakota,5.136041807,0.399819846,0.000383537275,0.000988764534,0.00311182016,0.0327638757,0.0615033301,0.0262845439,0.0728489611,0.0153265303,0.00753201924,0.0317778313,0.00587546463,0.018028972,0.0102548619,0.0163601769,0.00841605906,0.0991076638,0.0101147756,0.055485059,0.0200813045,1.50E-05
Tennessee,118.3707052,0.325570468,0.000297876033,0.000406295508,0.000289180273,0.0250987385,0.0643724908,0.021408961,0.0623276921,0.0329563752,0.00837549698,0.0214039656,0.00752035224,0.0231869664,0.0197469608,0.0374755802,0.0123265173,0.0776616472,0.00772516514,0.05589616,0.020996745,4.81E-05
Texas,100.8555898,0.295620679,0.000301987509,0.00671966812,0.00251773679,0.0332341348,0.038706326,0.0241152649,0.0628489944,0.0267974684,0.0117946686,0.0259546392,0.010150184,0.0367405021,0.0149966237,0.0337010923,0.00997771121,0.0747947254,0.0071473732,0.0580642239,0.021178561,4.21E-05
Utah,35.06620964,0.363309147,0.000200889193,0.003149286,0.00147437682,0.0399626767,0.0520424329,0.0224821055,0.0624619096,0.0234926174,0.0210369879,0.027654913,0.00945677849,0.0382010605,0.009082832,0.0333422538,0.0209092466,0.0572234473,0.00914099353,0.0482954748,0.0202041719,2.57E-05
Vermont,17.62489601,0.544247332,0.000799666505,0.000992067469,0.00229879068,0.0297800616,0.0603758232,0.0194345015,0.0734290261,0.0115260202,0.0126002589,0.0188492819,0.00638129863,0.0263649445,0.00377586891,0.0163220151,0.0272006862,0.0972667038,0.0125060626,0.0612937361,0.0183562544,1.60E-05
Virginia,148.4422209,0.427855316,0.000565505817,0.000630051229,0.00194780447,0.0288630942,0.0361150645,0.0150374671,0.0630406228,0.0194724704,0.013264082,0.0234767796,0.00867622349,0.0765711013,0.0133308278,0.0344289623,0.011666143,0.0690851539,0.00812303998,0.0509304368,0.0243202708,2.20E-05
Washington,102.661926,0.308365665,0.00244383201,0.000274276228,0.00171516807,0.037824267,0.0439432635,0.022615633,0.0587998925,0.0200709591,0.0312032868,0.0178336047,0.0103002537,0.0384740038,0.0224163462,0.0264349552,0.0094055174,0.0776982438,0.00997307402,0.04890352,0.0195633255,4.78E-05
West Virginia,30.00792406,0.301921502,0.000607097836,0.0163755407,0.0049666475,0.0242081446,0.0447083515,0.0153318249,0.0753019152,0.0157561304,0.00636647683,0.0148810003,0.00500737326,0.0209728151,0.00460106285,0.0259044195,0.00709669904,0.129774976,0.00612496365,0.060190767,0.0205882882,1.33E-05
Wisconsin,70.61469403,0.325802932,0.000684732354,0.000365389062,0.0021647466,0.0252634483,0.0947528662,0.0239777393,0.0611980038,0.0229659232,0.0099081764,0.0240087011,0.00571404188,0.0234851289,0.0144206618,0.0249722882,0.0112643434,0.0803067998,0.00837933775,0.0461735866,0.0197054063,2.64E-05
Wyoming,1.849703005,0.312884226,0.000333383995,0.0291563914,0.00607200114,0.0422735808,0.0247856292,0.0161544156,0.0788011904,0.023381004,0.00966568449,0.0172869407,0.011947894,0.0297765837,0.00121096833,0.0179439032,0.0049860518,0.0823213331,0.0130755164,0.0693830925,0.0206011698,0.000348092112
